{
  "project_info": {
    "project_number": "994512358579",
    "project_id": "myapp-ba2e7",
    "storage_bucket": "myapp-ba2e7.appspot.com"
  },
  "client": [
    {
      "client_info": {
        "mobilesdk_app_id": "1:994512358579:android:f49a85695edadcc88234c6",
        "android_client_info": {
          "package_name": "com.example.myapp"
        }
      },
      "oauth_client": [
        {
          "client_id": "994512358579-cirj3ihns8ncb8jnlvo0saaoc6oebknl.apps.googleusercontent.com",
          "client_type": 1,
          "android_info": {
            "package_name": "com.example.myapp",
            "certificate_hash": "40537e93a4d0386f03a0faa6cc9ddcb92e8e8e16"
          }
        },
        {
          "client_id": "994512358579-c5lej6c07h5o1p6plcarqpumc7u0c0lp.apps.googleusercontent.com",
          "client_type": 3
        }
      ],
      "api_key": [
        {
          "current_key": "AIzaSyDdTeKYcUksVgeVKGzu9uQOeU0TsbT-gHs"
        }
      ],
      "services": {
        "appinvite_service": {
          "other_platform_oauth_client": [
            {
              "client_id": "994512358579-c5lej6c07h5o1p6plcarqpumc7u0c0lp.apps.googleusercontent.com",
              "client_type": 3
            }
          ]
        }
      }
    }
  ],
  "configuration_version": "1"
}